{
  "summary": {
    "best_accuracy": 0.96248382923674,
    "total_teachers": 11,
    "epochs_per_teacher": 20,
    "final_ensemble_epochs": 30
  },
  "per_teacher_results": {
    "alexnet": {
      "best_accuracy": 0.7930142302716688,
      "final_train_acc": 0.8131544502617801,
      "final_val_acc": 0.7930142302716688
    },
    "mobilenet_v2": {
      "best_accuracy": 0.8641655886157826,
      "final_train_acc": 0.8799083769633508,
      "final_val_acc": 0.833117723156533
    },
    "efficientnet_b0": {
      "best_accuracy": 0.8822768434670116,
      "final_train_acc": 0.9100130890052356,
      "final_val_acc": 0.8421733505821475
    },
    "resnet50": {
      "best_accuracy": 0.9042690815006468,
      "final_train_acc": 0.9489528795811518,
      "final_val_acc": 0.8667529107373868
    },
    "darknet53": {
      "best_accuracy": 0.9133247089262613,
      "final_train_acc": 0.9168848167539267,
      "final_val_acc": 0.9042690815006468
    },
    "inception_v3": {
      "best_accuracy": 0.9210866752910737,
      "final_train_acc": 0.9466623036649214,
      "final_val_acc": 0.9016817593790427
    },
    "yolo11n-cls": {
      "best_accuracy": 0.9379042690815006,
      "final_train_acc": 0.9672774869109948,
      "final_val_acc": 0.9197930142302717
    },
    "ensemble_attention": {
      "best_accuracy": 0.9482535575679172,
      "final_train_acc": 0.9780759162303665,
      "final_val_acc": 0.9236739974126779
    },
    "ensemble_concat": {
      "best_accuracy": 0.9379042690815006,
      "final_train_acc": 0.9823298429319371,
      "final_val_acc": 0.9275549805950841
    },
    "ensemble_cross": {
      "best_accuracy": 0.5019404915912031,
      "final_train_acc": 0.30170157068062825,
      "final_val_acc": 0.4540750323415265
    },
    "super_ensemble": {
      "best_accuracy": 0.9223803363518758,
      "final_train_acc": 0.8759816753926701,
      "final_val_acc": 0.8602846054333765
    }
  },
  "final_results": {
    "train_loss": [
      0.6451190702266094,
      0.5753604370261987,
      0.5714996416531308,
      0.5723412982456347,
      0.562584767634956,
      0.5607946398058486,
      0.5555708394312734,
      0.5601293444633484,
      0.5599344091889746,
      0.5555911132802513,
      0.5565261290023464,
      0.5550370010405935,
      0.5523700579922861,
      0.5488268157262453,
      0.5511313417819158,
      0.5531317343574544,
      0.5483142596264784,
      0.5501719799029265,
      0.5439037652539958,
      0.5478512814843842,
      0.5483826726519,
      0.5519651531861091,
      0.5403557074943762,
      0.5434735788724809,
      0.5496507271422142,
      0.546768725698531,
      0.5464397002577157,
      0.553025554768078,
      0.5500218205114934,
      0.5458779082248348
    ],
    "train_acc": [
      0.9774214659685864,
      0.987565445026178,
      0.9859293193717278,
      0.9846204188481675,
      0.9852748691099477,
      0.987565445026178,
      0.9882198952879581,
      0.987565445026178,
      0.9856020942408377,
      0.9888743455497382,
      0.9905104712041884,
      0.9898560209424084,
      0.9898560209424084,
      0.9924738219895288,
      0.9911649214659686,
      0.9882198952879581,
      0.9888743455497382,
      0.9898560209424084,
      0.9911649214659686,
      0.9911649214659686,
      0.9911649214659686,
      0.9898560209424084,
      0.9928010471204188,
      0.9914921465968587,
      0.9885471204188482,
      0.9908376963350786,
      0.9898560209424084,
      0.9869109947643979,
      0.9892015706806283,
      0.9911649214659686
    ],
    "val_loss": [
      0.4115756062828765,
      0.3930059479815619,
      0.39319173383469486,
      0.3869285878478264,
      0.3855513373807985,
      0.3722348404782159,
      0.3711248134471932,
      0.36311145096409075,
      0.3656880548413919,
      0.3666809106967887,
      0.3586873108026933,
      0.3685945384964651,
      0.345485302258511,
      0.35455871996830923,
      0.3593836654813922,
      0.35109397951437504,
      0.3624941229212041,
      0.36050026483681735,
      0.35768646701258056,
      0.36277745420835456,
      0.35273016624304715,
      0.36214057614608686,
      0.3594860528804818,
      0.3474514618211863,
      0.3555905867596062,
      0.35321854328622626,
      0.3553496063972006,
      0.37182028287527513,
      0.3531781757364468,
      0.35442777403763365
    ],
    "val_acc": [
      0.9404915912031048,
      0.944372574385511,
      0.9456662354463131,
      0.9456662354463131,
      0.9482535575679172,
      0.9521345407503234,
      0.9508408796895214,
      0.9547218628719275,
      0.9521345407503234,
      0.9547218628719275,
      0.9573091849935317,
      0.9521345407503234,
      0.96248382923674,
      0.9495472186287193,
      0.9573091849935317,
      0.9547218628719275,
      0.9508408796895214,
      0.9521345407503234,
      0.9560155239327296,
      0.9560155239327296,
      0.9560155239327296,
      0.9482535575679172,
      0.9482535575679172,
      0.9534282018111255,
      0.9534282018111255,
      0.9534282018111255,
      0.9560155239327296,
      0.9521345407503234,
      0.9456662354463131,
      0.9534282018111255
    ],
    "best_acc": 0.96248382923674
  },
  "model_info": {
    "size_mb": 46.52742004394531,
    "num_classes": 11
  }
}