{
  "accuracy": 0.96248382923674,
  "per_class_accuracy": {
    "Healthy": 0.9927536231884058,
    "Internode borer": 0.94,
    "Pink borer": 0.9204545454545454,
    "Rat damage": 1.0,
    "Stalk borer": 0.9523809523809523,
    "Top borer": 0.9854014598540146,
    "army worm": 1.0,
    "mealy bug": 0.9552238805970149,
    "porcupine damage": 1.0,
    "root borer": 0.9565217391304348,
    "termite": 0.8888888888888888
  },
  "total_samples": 773,
  "class_names": [
    "Healthy",
    "Internode borer",
    "Pink borer",
    "Rat damage",
    "Stalk borer",
    "Top borer",
    "army worm",
    "mealy bug",
    "porcupine damage",
    "root borer",
    "termite"
  ]
}